review_id,review_date,platform,page_name,reviewer_alias,rating,sentiment,menu_item,order_channel,customer_type,wait_time_min,price_mentioned_thb,topic_tags,issue_area,priority,review_text,suggested_action
R001,2026-05-07,Facebook Page,ครัวป้าแดง — อาหารตามสั่ง,ปราณี รักอร่อย,3,กลาง,ข้าวหมูทอดกระเทียม,LINE,ลูกค้าประจำ,25,55,"เวลารอ/คิว, ระบบออเดอร์",การจัดการคิวและออเดอร์,กลาง,เมนูเยอะดี แต่ช่วงเที่ยงรับออเดอร์ค่อนข้างช้า โดยเฉพาะทาง LINE,แยกคิวหน้าร้าน/LINE แจ้งเวลารอ และแจ้งเมนูหมดทันที
R002,2026-05-21,Facebook Page,ครัวป้าแดง — อาหารตามสั่ง,เจน หิวข้าว,5,บวก,ข้าวผัดปู,LINE,ผู้สูงอายุ,,,"บริการ, สถานที่/ที่นั่ง",จุดแข็ง/รักษามาตรฐาน,ต่ำ,พนักงานพูดจาดี เจ้าของร้านเป็นกันเอง อาหารร้อนและสดใหม่,ขอบคุณลูกค้าและชวนกลับมาใช้บริการ/รีวิวซ้ำ
R003,2026-05-24,Facebook Page,ครัวป้าแดง — อาหารตามสั่ง,ศิริพร หิวข้าว,2,ลบ,ต้มยำกุ้ง,โทรศัพท์,ครอบครัว,15,,เวลารอ/คิว,การจัดการคิวและออเดอร์,สูง,รอนานมากช่วงเที่ยง คิวไม่ชัดเจน คนมาทีหลังได้ก่อน,แยกคิวหน้าร้าน/LINE แจ้งเวลารอ และแจ้งเมนูหมดทันที
R004,2026-05-08,Facebook Page,ครัวป้าแดง — อาหารตามสั่ง,บีม หิวข้าว,5,บวก,ต้มจืดเต้าหู้หมูสับ,โทรศัพท์,พนักงานออฟฟิศ,,65,"รสชาติ, ราคา/ความคุ้มค่า",จุดแข็ง/รักษามาตรฐาน,ต่ำ,อร่อยมาก ต้มจืดเต้าหู้หมูสับ รสชาติเข้มข้น ราคาไม่แพง สั่งแล้วประทับใจค่ะ,ขอบคุณลูกค้าและชวนกลับมาใช้บริการ/รีวิวซ้ำ
R005,2026-05-21,Facebook Page,ครัวป้าแดง — อาหารตามสั่ง,ชัยวัฒน์ ออฟฟิศ,5,บวก,ต้มจืดเต้าหู้หมูสับ,LINE,ผู้สูงอายุ,,,"บริการ, สถานที่/ที่นั่ง",จุดแข็ง/รักษามาตรฐาน,ต่ำ,พนักงานพูดจาดี เจ้าของร้านเป็นกันเอง อาหารร้อนและสดใหม่,ขอบคุณลูกค้าและชวนกลับมาใช้บริการ/รีวิวซ้ำ
R006,2026-05-13,TikTok Comment,ครัวป้าแดง — อาหารตามสั่ง,ปราณี สุขใจ,5,บวก,คะน้าหมูกรอบ,LINE,ลูกค้าประจำ,30,,ทั่วไป,จุดแข็ง/รักษามาตรฐาน,ต่ำ,สั่งมากินที่ออฟฟิศหลายรอบแล้ว ทุกคนชอบ โดยเฉพาะ คะน้าหมูกรอบ,ขอบคุณลูกค้าและชวนกลับมาใช้บริการ/รีวิวซ้ำ
R007,2026-05-14,Facebook Page,ครัวป้าแดง — อาหารตามสั่ง,ชัยวัฒน์ สุขใจ,2,ลบ,ยำมะม่วง,เดลิเวอรี,ผู้สูงอายุ,15,,บรรจุภัณฑ์,บริการทั่วไป,สูง,แพ็กอาหารกลับบ้านไม่เรียบร้อย น้ำซุปรั่วใส่ถุง ต้องปรับปรุงครับ,ขอโทษ รับฟัง และติดตามลูกค้าหลังแก้ไข
R008,2026-05-18,Google Review,ครัวป้าแดง — อาหารตามสั่ง,กัญญา ลูกค้าประจำ,1,ลบ,ราดหน้า,โทรศัพท์,ลูกค้าประจำ,12,60,บรรจุภัณฑ์,บริการทั่วไป,สูง,แพ็กอาหารกลับบ้านไม่เรียบร้อย น้ำซุปรั่วใส่ถุง ต้องปรับปรุงครับ,ขอโทษ รับฟัง และติดตามลูกค้าหลังแก้ไข
R009,2026-05-25,LINE OA,ครัวป้าแดง — อาหารตามสั่ง,อ้อม รีวิวจริง,4,บวก,ราดหน้า,โทรศัพท์,ลูกค้าใหม่,20,,ทั่วไป,จุดแข็ง/รักษามาตรฐาน,ต่ำ,สั่งมากินที่ออฟฟิศหลายรอบแล้ว ทุกคนชอบ โดยเฉพาะ ราดหน้า,ขอบคุณลูกค้าและชวนกลับมาใช้บริการ/รีวิวซ้ำ
R010,2026-05-18,LINE OA,ครัวป้าแดง — อาหารตามสั่ง,สมชาย ออฟฟิศ,5,บวก,ยำมะม่วง,โทรศัพท์,พนักงานออฟฟิศ,,,"ราคา/ความคุ้มค่า, เวลารอ/คิว",จุดแข็ง/รักษามาตรฐาน,ต่ำ,กินร้านนี้บ่อยมาก คุณภาพดีเหมือนเดิม ยำมะม่วง ทำเร็วและให้เยอะครับ,ขอบคุณลูกค้าและชวนกลับมาใช้บริการ/รีวิวซ้ำ
R011,2026-05-19,Google Review,ครัวป้าแดง — อาหารตามสั่ง,ชัยวัฒน์ รักอร่อย,5,บวก,ต้มจืดเต้าหู้หมูสับ,หน้าร้าน,ลูกค้าใหม่,,,"ราคา/ความคุ้มค่า, เวลารอ/คิว",จุดแข็ง/รักษามาตรฐาน,ต่ำ,กินร้านนี้บ่อยมาก คุณภาพดีเหมือนเดิม ต้มจืดเต้าหู้หมูสับ ทำเร็วและให้เยอะครับ,ขอบคุณลูกค้าและชวนกลับมาใช้บริการ/รีวิวซ้ำ
R012,2026-05-06,LINE OA,ครัวป้าแดง — อาหารตามสั่ง,ฟ้า รีวิวจริง,4,บวก,ข้าวหมูทอดกระเทียม,เดลิเวอรี,ผู้สูงอายุ,35,,ทั่วไป,จุดแข็ง/รักษามาตรฐาน,ต่ำ,สั่งมากินที่ออฟฟิศหลายรอบแล้ว ทุกคนชอบ โดยเฉพาะ ข้าวหมูทอดกระเทียม,ขอบคุณลูกค้าและชวนกลับมาใช้บริการ/รีวิวซ้ำ
R013,2026-05-10,Google Review,ครัวป้าแดง — อาหารตามสั่ง,พิมพ์ สุขใจ,4,บวก,ราดหน้า,เดลิเวอรี,ลูกค้าใหม่,,,"รสชาติ, ราคา/ความคุ้มค่า",จุดแข็ง/รักษามาตรฐาน,ต่ำ,ราคาเหมาะสมกับปริมาณ รสชาติดี บรรยากาศร้านแบบบ้าน ๆ อบอุ่น,ขอบคุณลูกค้าและชวนกลับมาใช้บริการ/รีวิวซ้ำ
R014,2026-05-01,Facebook Page,ครัวป้าแดง — อาหารตามสั่ง,ศิริพร สุขใจ,3,กลาง,ต้มจืดเต้าหู้หมูสับ,LINE,ลูกค้าใหม่,12,70,รสชาติ,มาตรฐานรสชาติ,กลาง,คุณภาพโดยรวมดี แต่บางวันรสชาติแกว่งนิดหน่อย อยากให้คงมาตรฐาน,กำหนดสูตรมาตรฐานและชิม QC เมนูหลักก่อนเสิร์ฟ
R015,2026-05-03,Facebook Page,ครัวป้าแดง — อาหารตามสั่ง,นัท รีวิวจริง,4,บวก,ต้มยำกุ้ง,เดลิเวอรี,ครอบครัว,,50,"รสชาติ, ราคา/ความคุ้มค่า",จุดแข็ง/รักษามาตรฐาน,ต่ำ,ชอบที่ปรับรสชาติได้ตามที่ขอ ต้มยำกุ้ง เผ็ดกำลังดี คุ้มกับราคา,ขอบคุณลูกค้าและชวนกลับมาใช้บริการ/รีวิวซ้ำ
R016,2026-05-26,Facebook Page,ครัวป้าแดง — อาหารตามสั่ง,พิมพ์ หิวข้าว,2,ลบ,ผัดผักรวม,เดลิเวอรี,ลูกค้าประจำ,18,60,รสชาติ,มาตรฐานรสชาติ,สูง,อาหารมันเยอะขึ้น รสชาติไม่เหมือนเดิม อยากให้ร้านควบคุมคุณภาพมากกว่านี้,กำหนดสูตรมาตรฐานและชิม QC เมนูหลักก่อนเสิร์ฟ
R017,2026-05-13,LINE OA,ครัวป้าแดง — อาหารตามสั่ง,ชัยวัฒน์ ลูกค้าประจำ,5,บวก,ข้าวหมูทอดกระเทียม,หน้าร้าน,ลูกค้าใหม่,,50,"รสชาติ, ราคา/ความคุ้มค่า",จุดแข็ง/รักษามาตรฐาน,ต่ำ,อร่อยมาก ข้าวหมูทอดกระเทียม รสชาติเข้มข้น ราคาไม่แพง สั่งแล้วประทับใจค่ะ,ขอบคุณลูกค้าและชวนกลับมาใช้บริการ/รีวิวซ้ำ
R018,2026-05-15,LINE OA,ครัวป้าแดง — อาหารตามสั่ง,แอม รีวิวจริง,5,บวก,ข้าวผัดปู,เดลิเวอรี,ลูกค้าประจำ,,,"รสชาติ, ราคา/ความคุ้มค่า",จุดแข็ง/รักษามาตรฐาน,ต่ำ,ชอบที่ปรับรสชาติได้ตามที่ขอ ข้าวผัดปู เผ็ดกำลังดี คุ้มกับราคา,ขอบคุณลูกค้าและชวนกลับมาใช้บริการ/รีวิวซ้ำ
R019,2026-05-03,Facebook Page,ครัวป้าแดง — อาหารตามสั่ง,อนุชา ลูกค้าประจำ,2,ลบ,กะเพราหมูสับ,เดลิเวอรี,ลูกค้าประจำ,40,,"รสชาติ, บริการ",มาตรฐานรสชาติ,สูง,วันนี้สั่ง กะเพราหมูสับ แล้วเค็มมากกว่าปกติ แจ้งไปแล้วไม่ได้แก้ให้ เสียความรู้สึกค่ะ,กำหนดสูตรมาตรฐานและชิม QC เมนูหลักก่อนเสิร์ฟ
R020,2026-05-13,Google Review,ครัวป้าแดง — อาหารตามสั่ง,เอก รีวิวจริง,5,บวก,ยำมะม่วง,โทรศัพท์,ผู้สูงอายุ,,70,"รสชาติ, ราคา/ความคุ้มค่า",จุดแข็ง/รักษามาตรฐาน,ต่ำ,อร่อยมาก ยำมะม่วง รสชาติเข้มข้น ราคาไม่แพง สั่งแล้วประทับใจค่ะ,ขอบคุณลูกค้าและชวนกลับมาใช้บริการ/รีวิวซ้ำ
R021,2026-05-07,TikTok Comment,ครัวป้าแดง — อาหารตามสั่ง,วิชัย สุขใจ,4,บวก,ราดหน้า,หน้าร้าน,ครอบครัว,,,"ราคา/ความคุ้มค่า, เวลารอ/คิว",จุดแข็ง/รักษามาตรฐาน,ต่ำ,กินร้านนี้บ่อยมาก คุณภาพดีเหมือนเดิม ราดหน้า ทำเร็วและให้เยอะครับ,ขอบคุณลูกค้าและชวนกลับมาใช้บริการ/รีวิวซ้ำ
R022,2026-05-06,Facebook Page,ครัวป้าแดง — อาหารตามสั่ง,บอย รักอร่อย,5,บวก,ผัดผักรวม,LINE,นักศึกษา,40,45,ทั่วไป,จุดแข็ง/รักษามาตรฐาน,ต่ำ,สั่งมากินที่ออฟฟิศหลายรอบแล้ว ทุกคนชอบ โดยเฉพาะ ผัดผักรวม,ขอบคุณลูกค้าและชวนกลับมาใช้บริการ/รีวิวซ้ำ
R023,2026-05-20,Facebook Page,ครัวป้าแดง — อาหารตามสั่ง,อนุชา หิวข้าว,1,ลบ,ต้มยำกุ้ง,โทรศัพท์,ผู้สูงอายุ,18,,เวลารอ/คิว,การจัดการคิวและออเดอร์,สูง,รอนานมากช่วงเที่ยง คิวไม่ชัดเจน คนมาทีหลังได้ก่อน,แยกคิวหน้าร้าน/LINE แจ้งเวลารอ และแจ้งเมนูหมดทันที
R024,2026-05-13,Google Review,ครัวป้าแดง — อาหารตามสั่ง,มาลี ลูกค้าประจำ,5,บวก,ผัดซีอิ๊ว,เดลิเวอรี,ครอบครัว,,45,"รสชาติ, ราคา/ความคุ้มค่า",จุดแข็ง/รักษามาตรฐาน,ต่ำ,ชอบที่ปรับรสชาติได้ตามที่ขอ ผัดซีอิ๊ว เผ็ดกำลังดี คุ้มกับราคา,ขอบคุณลูกค้าและชวนกลับมาใช้บริการ/รีวิวซ้ำ
R025,2026-05-18,Facebook Page,ครัวป้าแดง — อาหารตามสั่ง,บีม รักอร่อย,3,กลาง,คะน้าหมูกรอบ,โทรศัพท์,พนักงานออฟฟิศ,12,,"รสชาติ, เวลารอ/คิว",การจัดการคิวและออเดอร์,กลาง,อาหารอร่อยนะคะ แต่ช่วงเที่ยงรอนานไปหน่อย ประมาณ 12 นาที,แยกคิวหน้าร้าน/LINE แจ้งเวลารอ และแจ้งเมนูหมดทันที
R026,2026-05-18,Google Review,ครัวป้าแดง — อาหารตามสั่ง,ชัยวัฒน์ ออฟฟิศ,4,บวก,แกงส้ม,หน้าร้าน,ผู้สูงอายุ,,,"บริการ, สถานที่/ที่นั่ง",จุดแข็ง/รักษามาตรฐาน,ต่ำ,พนักงานพูดจาดี เจ้าของร้านเป็นกันเอง อาหารร้อนและสดใหม่,ขอบคุณลูกค้าและชวนกลับมาใช้บริการ/รีวิวซ้ำ
R027,2026-05-04,Facebook Page,ครัวป้าแดง — อาหารตามสั่ง,เจน ออฟฟิศ,5,บวก,ต้มยำกุ้ง,โทรศัพท์,ลูกค้าใหม่,,50,"รสชาติ, ราคา/ความคุ้มค่า",จุดแข็ง/รักษามาตรฐาน,ต่ำ,ชอบที่ปรับรสชาติได้ตามที่ขอ ต้มยำกุ้ง เผ็ดกำลังดี คุ้มกับราคา,ขอบคุณลูกค้าและชวนกลับมาใช้บริการ/รีวิวซ้ำ
R028,2026-05-16,Facebook Page,ครัวป้าแดง — อาหารตามสั่ง,ดาว ออฟฟิศ,3,กลาง,ข้าวหมูทอดกระเทียม,LINE,ลูกค้าประจำ,20,,"เวลารอ/คิว, ระบบออเดอร์",การจัดการคิวและออเดอร์,กลาง,เมนูเยอะดี แต่ช่วงเที่ยงรับออเดอร์ค่อนข้างช้า โดยเฉพาะทาง LINE,แยกคิวหน้าร้าน/LINE แจ้งเวลารอ และแจ้งเมนูหมดทันที
R029,2026-05-21,Google Review,ครัวป้าแดง — อาหารตามสั่ง,สมชาย สุขใจ,4,บวก,กะเพราหมูสับ,เดลิเวอรี,ผู้สูงอายุ,,,"ราคา/ความคุ้มค่า, เวลารอ/คิว",จุดแข็ง/รักษามาตรฐาน,ต่ำ,กินร้านนี้บ่อยมาก คุณภาพดีเหมือนเดิม กะเพราหมูสับ ทำเร็วและให้เยอะครับ,ขอบคุณลูกค้าและชวนกลับมาใช้บริการ/รีวิวซ้ำ
R030,2026-05-12,Facebook Page,ครัวป้าแดง — อาหารตามสั่ง,บีม สุขใจ,2,ลบ,ยำมะม่วง,LINE,พนักงานออฟฟิศ,40,55,"รสชาติ, บริการ",มาตรฐานรสชาติ,สูง,วันนี้สั่ง ยำมะม่วง แล้วเค็มมากกว่าปกติ แจ้งไปแล้วไม่ได้แก้ให้ เสียความรู้สึกค่ะ,กำหนดสูตรมาตรฐานและชิม QC เมนูหลักก่อนเสิร์ฟ
R031,2026-05-04,Facebook Page,ครัวป้าแดง — อาหารตามสั่ง,นัท รักอร่อย,5,บวก,ต้มจืดเต้าหู้หมูสับ,เดลิเวอรี,ลูกค้าใหม่,,,"รสชาติ, ราคา/ความคุ้มค่า",จุดแข็ง/รักษามาตรฐาน,ต่ำ,ราคาเหมาะสมกับปริมาณ รสชาติดี บรรยากาศร้านแบบบ้าน ๆ อบอุ่น,ขอบคุณลูกค้าและชวนกลับมาใช้บริการ/รีวิวซ้ำ
R032,2026-05-01,LINE OA,ครัวป้าแดง — อาหารตามสั่ง,แอม หิวข้าว,4,บวก,ยำมะม่วง,เดลิเวอรี,ลูกค้าใหม่,,,"บริการ, สถานที่/ที่นั่ง",จุดแข็ง/รักษามาตรฐาน,ต่ำ,พนักงานพูดจาดี เจ้าของร้านเป็นกันเอง อาหารร้อนและสดใหม่,ขอบคุณลูกค้าและชวนกลับมาใช้บริการ/รีวิวซ้ำ
R033,2026-05-04,Facebook Page,ครัวป้าแดง — อาหารตามสั่ง,สมศักดิ์ ออฟฟิศ,3,กลาง,แกงส้ม,เดลิเวอรี,ลูกค้าใหม่,15,60,"รสชาติ, ความสะอาด, สถานที่/ที่นั่ง",สุขอนามัย/ความสะอาด,กลาง,อาหารอร่อย แต่ร้านค่อนข้างร้อนและมีโต๊ะจำกัด,เพิ่มรอบเช็ดโต๊ะ จัดการแมลงวัน และตรวจพื้นที่หน้าร้าน
R034,2026-05-07,Facebook Page,ครัวป้าแดง — อาหารตามสั่ง,พิชัย ออฟฟิศ,4,บวก,ต้มจืดเต้าหู้หมูสับ,หน้าร้าน,ผู้สูงอายุ,,,"รสชาติ, ราคา/ความคุ้มค่า",จุดแข็ง/รักษามาตรฐาน,ต่ำ,ราคาเหมาะสมกับปริมาณ รสชาติดี บรรยากาศร้านแบบบ้าน ๆ อบอุ่น,ขอบคุณลูกค้าและชวนกลับมาใช้บริการ/รีวิวซ้ำ
R035,2026-05-18,Facebook Page,ครัวป้าแดง — อาหารตามสั่ง,วิชัย สุขใจ,2,ลบ,ไข่เจียวหมูสับ,โทรศัพท์,ครอบครัว,30,55,บรรจุภัณฑ์,บริการทั่วไป,สูง,แพ็กอาหารกลับบ้านไม่เรียบร้อย น้ำซุปรั่วใส่ถุง ต้องปรับปรุงครับ,ขอโทษ รับฟัง และติดตามลูกค้าหลังแก้ไข
R036,2026-05-26,Google Review,ครัวป้าแดง — อาหารตามสั่ง,อนุชา ออฟฟิศ,5,บวก,ข้าวผัดปู,หน้าร้าน,ลูกค้าประจำ,,65,"รสชาติ, ราคา/ความคุ้มค่า",จุดแข็ง/รักษามาตรฐาน,ต่ำ,ราคาเหมาะสมกับปริมาณ รสชาติดี บรรยากาศร้านแบบบ้าน ๆ อบอุ่น,ขอบคุณลูกค้าและชวนกลับมาใช้บริการ/รีวิวซ้ำ
R037,2026-05-17,Google Review,ครัวป้าแดง — อาหารตามสั่ง,บอย ออฟฟิศ,4,บวก,ราดหน้า,LINE,ครอบครัว,,45,"รสชาติ, ราคา/ความคุ้มค่า",จุดแข็ง/รักษามาตรฐาน,ต่ำ,อร่อยมาก ราดหน้า รสชาติเข้มข้น ราคาไม่แพง สั่งแล้วประทับใจค่ะ,ขอบคุณลูกค้าและชวนกลับมาใช้บริการ/รีวิวซ้ำ
R038,2026-05-10,Google Review,ครัวป้าแดง — อาหารตามสั่ง,ชัยวัฒน์ รักอร่อย,3,กลาง,ผัดซีอิ๊ว,โทรศัพท์,ลูกค้าใหม่,12,55,"รสชาติ, ความสะอาด, สถานที่/ที่นั่ง",สุขอนามัย/ความสะอาด,กลาง,อาหารอร่อย แต่ร้านค่อนข้างร้อนและมีโต๊ะจำกัด,เพิ่มรอบเช็ดโต๊ะ จัดการแมลงวัน และตรวจพื้นที่หน้าร้าน
R039,2026-05-24,Facebook Page,ครัวป้าแดง — อาหารตามสั่ง,มาลี ออฟฟิศ,4,บวก,ข้าวผัดปู,เดลิเวอรี,พนักงานออฟฟิศ,,,"รสชาติ, ราคา/ความคุ้มค่า",จุดแข็ง/รักษามาตรฐาน,ต่ำ,ราคาเหมาะสมกับปริมาณ รสชาติดี บรรยากาศร้านแบบบ้าน ๆ อบอุ่น,ขอบคุณลูกค้าและชวนกลับมาใช้บริการ/รีวิวซ้ำ
R040,2026-05-20,Facebook Page,ครัวป้าแดง — อาหารตามสั่ง,อ้อม ลูกค้าประจำ,2,ลบ,ต้มจืดเต้าหู้หมูสับ,เดลิเวอรี,ผู้สูงอายุ,30,,เวลารอ/คิว,การจัดการคิวและออเดอร์,สูง,รอนานมากช่วงเที่ยง คิวไม่ชัดเจน คนมาทีหลังได้ก่อน,แยกคิวหน้าร้าน/LINE แจ้งเวลารอ และแจ้งเมนูหมดทันที
R041,2026-05-17,Google Review,ครัวป้าแดง — อาหารตามสั่ง,อิง รักอร่อย,5,บวก,ยำมะม่วง,หน้าร้าน,ผู้สูงอายุ,,,"รสชาติ, ราคา/ความคุ้มค่า",จุดแข็ง/รักษามาตรฐาน,ต่ำ,ชอบที่ปรับรสชาติได้ตามที่ขอ ยำมะม่วง เผ็ดกำลังดี คุ้มกับราคา,ขอบคุณลูกค้าและชวนกลับมาใช้บริการ/รีวิวซ้ำ
R042,2026-05-05,Facebook Page,ครัวป้าแดง — อาหารตามสั่ง,อิง สุขใจ,3,กลาง,แกงส้ม,เดลิเวอรี,นักศึกษา,18,,"รสชาติ, ราคา/ความคุ้มค่า, สถานที่/ที่นั่ง",มาตรฐานรสชาติ,กลาง,รสชาติดี ราคาโอเค แต่ที่นั่งน้อย ถ้ามาตอนคนเยอะจะลำบากครับ,กำหนดสูตรมาตรฐานและชิม QC เมนูหลักก่อนเสิร์ฟ
R043,2026-05-23,Facebook Page,ครัวป้าแดง — อาหารตามสั่ง,มาลี สุขใจ,1,ลบ,ข้าวผัดปู,LINE,นักศึกษา,18,,บรรจุภัณฑ์,บริการทั่วไป,สูง,แพ็กอาหารกลับบ้านไม่เรียบร้อย น้ำซุปรั่วใส่ถุง ต้องปรับปรุงครับ,ขอโทษ รับฟัง และติดตามลูกค้าหลังแก้ไข
R044,2026-05-17,Facebook Page,ครัวป้าแดง — อาหารตามสั่ง,เอก ลูกค้าประจำ,5,บวก,ต้มจืดเต้าหู้หมูสับ,หน้าร้าน,ผู้สูงอายุ,,,"รสชาติ, ราคา/ความคุ้มค่า",จุดแข็ง/รักษามาตรฐาน,ต่ำ,ราคาเหมาะสมกับปริมาณ รสชาติดี บรรยากาศร้านแบบบ้าน ๆ อบอุ่น,ขอบคุณลูกค้าและชวนกลับมาใช้บริการ/รีวิวซ้ำ
R045,2026-05-11,Google Review,ครัวป้าแดง — อาหารตามสั่ง,ชัยวัฒน์ ลูกค้าประจำ,4,บวก,ไข่เจียวหมูสับ,เดลิเวอรี,ลูกค้าใหม่,40,,ทั่วไป,จุดแข็ง/รักษามาตรฐาน,ต่ำ,สั่งมากินที่ออฟฟิศหลายรอบแล้ว ทุกคนชอบ โดยเฉพาะ ไข่เจียวหมูสับ,ขอบคุณลูกค้าและชวนกลับมาใช้บริการ/รีวิวซ้ำ
R046,2026-05-09,LINE OA,ครัวป้าแดง — อาหารตามสั่ง,อ้อม ลูกค้าประจำ,4,บวก,ราดหน้า,โทรศัพท์,ผู้สูงอายุ,,,"บริการ, สถานที่/ที่นั่ง",จุดแข็ง/รักษามาตรฐาน,ต่ำ,พนักงานพูดจาดี เจ้าของร้านเป็นกันเอง อาหารร้อนและสดใหม่,ขอบคุณลูกค้าและชวนกลับมาใช้บริการ/รีวิวซ้ำ
R047,2026-05-03,Facebook Page,ครัวป้าแดง — อาหารตามสั่ง,ปราณี รักอร่อย,5,บวก,ต้มจืดเต้าหู้หมูสับ,โทรศัพท์,ลูกค้าใหม่,,65,"บริการ, สถานที่/ที่นั่ง",จุดแข็ง/รักษามาตรฐาน,ต่ำ,พนักงานพูดจาดี เจ้าของร้านเป็นกันเอง อาหารร้อนและสดใหม่,ขอบคุณลูกค้าและชวนกลับมาใช้บริการ/รีวิวซ้ำ
R048,2026-05-05,Facebook Page,ครัวป้าแดง — อาหารตามสั่ง,กิตติ สุขใจ,4,บวก,ต้มจืดเต้าหู้หมูสับ,เดลิเวอรี,ลูกค้าใหม่,,60,"รสชาติ, ราคา/ความคุ้มค่า",จุดแข็ง/รักษามาตรฐาน,ต่ำ,ราคาเหมาะสมกับปริมาณ รสชาติดี บรรยากาศร้านแบบบ้าน ๆ อบอุ่น,ขอบคุณลูกค้าและชวนกลับมาใช้บริการ/รีวิวซ้ำ
R049,2026-05-23,LINE OA,ครัวป้าแดง — อาหารตามสั่ง,สมศักดิ์ ออฟฟิศ,2,ลบ,ข้าวผัดปู,เดลิเวอรี,นักศึกษา,30,,เวลารอ/คิว,การจัดการคิวและออเดอร์,สูง,รอนานมากช่วงเที่ยง คิวไม่ชัดเจน คนมาทีหลังได้ก่อน,แยกคิวหน้าร้าน/LINE แจ้งเวลารอ และแจ้งเมนูหมดทันที
R050,2026-05-24,Google Review,ครัวป้าแดง — อาหารตามสั่ง,พิชัย ลูกค้าประจำ,3,กลาง,ข้าวผัดปู,LINE,นักศึกษา,40,,"รสชาติ, ความสะอาด, สถานที่/ที่นั่ง",สุขอนามัย/ความสะอาด,กลาง,อาหารอร่อย แต่ร้านค่อนข้างร้อนและมีโต๊ะจำกัด,เพิ่มรอบเช็ดโต๊ะ จัดการแมลงวัน และตรวจพื้นที่หน้าร้าน
R051,2026-05-22,Facebook Page,ครัวป้าแดง — อาหารตามสั่ง,ฟ้า รักอร่อย,5,บวก,กะเพราหมูสับ,LINE,ครอบครัว,,,"รสชาติ, ราคา/ความคุ้มค่า",จุดแข็ง/รักษามาตรฐาน,ต่ำ,ชอบที่ปรับรสชาติได้ตามที่ขอ กะเพราหมูสับ เผ็ดกำลังดี คุ้มกับราคา,ขอบคุณลูกค้าและชวนกลับมาใช้บริการ/รีวิวซ้ำ
R052,2026-05-19,Facebook Page,ครัวป้าแดง — อาหารตามสั่ง,กัญญา สุขใจ,1,ลบ,ไข่เจียวหมูสับ,เดลิเวอรี,พนักงานออฟฟิศ,10,60,รสชาติ,มาตรฐานรสชาติ,สูง,อาหารมันเยอะขึ้น รสชาติไม่เหมือนเดิม อยากให้ร้านควบคุมคุณภาพมากกว่านี้,กำหนดสูตรมาตรฐานและชิม QC เมนูหลักก่อนเสิร์ฟ
R053,2026-05-15,Google Review,ครัวป้าแดง — อาหารตามสั่ง,พิชัย สุขใจ,5,บวก,ข้าวผัดปู,เดลิเวอรี,นักศึกษา,,60,"ราคา/ความคุ้มค่า, เวลารอ/คิว",จุดแข็ง/รักษามาตรฐาน,ต่ำ,กินร้านนี้บ่อยมาก คุณภาพดีเหมือนเดิม ข้าวผัดปู ทำเร็วและให้เยอะครับ,ขอบคุณลูกค้าและชวนกลับมาใช้บริการ/รีวิวซ้ำ
R054,2026-05-12,Facebook Page,ครัวป้าแดง — อาหารตามสั่ง,สุรีย์ รักอร่อย,5,บวก,กะเพราหมูสับ,หน้าร้าน,ลูกค้าประจำ,,,"รสชาติ, ราคา/ความคุ้มค่า",จุดแข็ง/รักษามาตรฐาน,ต่ำ,อร่อยมาก กะเพราหมูสับ รสชาติเข้มข้น ราคาไม่แพง สั่งแล้วประทับใจค่ะ,ขอบคุณลูกค้าและชวนกลับมาใช้บริการ/รีวิวซ้ำ
R055,2026-05-05,Facebook Page,ครัวป้าแดง — อาหารตามสั่ง,พิชัย ออฟฟิศ,5,บวก,คะน้าหมูกรอบ,LINE,ลูกค้าใหม่,15,,"ราคา/ความคุ้มค่า, เวลารอ/คิว",จุดแข็ง/รักษามาตรฐาน,ต่ำ,กินร้านนี้บ่อยมาก คุณภาพดีเหมือนเดิม คะน้าหมูกรอบ ทำเร็วและให้เยอะครับ,ขอบคุณลูกค้าและชวนกลับมาใช้บริการ/รีวิวซ้ำ
R056,2026-05-10,Facebook Page,ครัวป้าแดง — อาหารตามสั่ง,ฟ้า ลูกค้าประจำ,5,บวก,คะน้าหมูกรอบ,โทรศัพท์,นักศึกษา,12,,"ราคา/ความคุ้มค่า, เวลารอ/คิว",จุดแข็ง/รักษามาตรฐาน,ต่ำ,กินร้านนี้บ่อยมาก คุณภาพดีเหมือนเดิม คะน้าหมูกรอบ ทำเร็วและให้เยอะครับ,ขอบคุณลูกค้าและชวนกลับมาใช้บริการ/รีวิวซ้ำ
R057,2026-05-19,Google Review,ครัวป้าแดง — อาหารตามสั่ง,ลินดา หิวข้าว,3,กลาง,ราดหน้า,หน้าร้าน,ครอบครัว,18,,"รสชาติ, เวลารอ/คิว",การจัดการคิวและออเดอร์,กลาง,อาหารอร่อยนะคะ แต่ช่วงเที่ยงรอนานไปหน่อย ประมาณ 18 นาที,แยกคิวหน้าร้าน/LINE แจ้งเวลารอ และแจ้งเมนูหมดทันที
R058,2026-05-18,Facebook Page,ครัวป้าแดง — อาหารตามสั่ง,ดาว ลูกค้าประจำ,5,บวก,ต้มยำกุ้ง,โทรศัพท์,ลูกค้าประจำ,,60,"รสชาติ, ราคา/ความคุ้มค่า",จุดแข็ง/รักษามาตรฐาน,ต่ำ,ชอบที่ปรับรสชาติได้ตามที่ขอ ต้มยำกุ้ง เผ็ดกำลังดี คุ้มกับราคา,ขอบคุณลูกค้าและชวนกลับมาใช้บริการ/รีวิวซ้ำ
R059,2026-05-15,Facebook Page,ครัวป้าแดง — อาหารตามสั่ง,ฟ้า รีวิวจริง,5,บวก,ข้าวผัดปู,โทรศัพท์,นักศึกษา,,,"รสชาติ, ราคา/ความคุ้มค่า",จุดแข็ง/รักษามาตรฐาน,ต่ำ,ราคาเหมาะสมกับปริมาณ รสชาติดี บรรยากาศร้านแบบบ้าน ๆ อบอุ่น,ขอบคุณลูกค้าและชวนกลับมาใช้บริการ/รีวิวซ้ำ
R060,2026-05-19,LINE OA,ครัวป้าแดง — อาหารตามสั่ง,สุรีย์ ลูกค้าประจำ,3,กลาง,ผัดผักรวม,หน้าร้าน,ครอบครัว,30,60,"รสชาติ, ความสะอาด, สถานที่/ที่นั่ง",สุขอนามัย/ความสะอาด,กลาง,อาหารอร่อย แต่ร้านค่อนข้างร้อนและมีโต๊ะจำกัด,เพิ่มรอบเช็ดโต๊ะ จัดการแมลงวัน และตรวจพื้นที่หน้าร้าน